{
  "Total" : {
    "transaction" : "Total",
    "sampleCount" : 154884,
    "errorCount" : 374,
    "errorPct" : 0.24147104,
    "meanResTime" : 2479.7568825701615,
    "minResTime" : 7.0,
    "maxResTime" : 102898.0,
    "pct1ResTime" : 3780.9000000000015,
    "pct2ResTime" : 5327.650000000005,
    "pct3ResTime" : 14802.590000000066,
    "throughput" : 33.243986702748735,
    "receivedKBytesPerSec" : 451.5729092706001,
    "sentKBytesPerSec" : 14.324198345978372
  },
  "ground_page" : {
    "transaction" : "ground_page",
    "sampleCount" : 51809,
    "errorCount" : 372,
    "errorPct" : 0.718022,
    "meanResTime" : 4514.4519871064895,
    "minResTime" : 47.0,
    "maxResTime" : 102898.0,
    "pct1ResTime" : 9451.30000000001,
    "pct2ResTime" : 13678.700000000004,
    "pct3ResTime" : 36304.88000000002,
    "throughput" : 11.11969148431108,
    "receivedKBytesPerSec" : 444.064089877886,
    "sentKBytesPerSec" : 4.6574365740387
  },
  "ground_spec_page" : {
    "transaction" : "ground_spec_page",
    "sampleCount" : 51558,
    "errorCount" : 0,
    "errorPct" : 0.0,
    "meanResTime" : 1663.5249621785051,
    "minResTime" : 7.0,
    "maxResTime" : 8330.0,
    "pct1ResTime" : 4694.9000000000015,
    "pct2ResTime" : 5163.0,
    "pct3ResTime" : 5694.0,
    "throughput" : 11.066988357317031,
    "receivedKBytesPerSec" : 3.7502392187392672,
    "sentKBytesPerSec" : 4.830190665971554
  },
  "ground_page_get" : {
    "transaction" : "ground_page_get",
    "sampleCount" : 51808,
    "errorCount" : 372,
    "errorPct" : 0.7180358,
    "meanResTime" : 4514.53760037059,
    "minResTime" : 47.0,
    "maxResTime" : 102898.0,
    "pct1ResTime" : 9451.30000000001,
    "pct2ResTime" : 13678.700000000004,
    "pct3ResTime" : 36304.88000000002,
    "throughput" : 11.120025791041906,
    "receivedKBytesPerSec" : 444.07738115120964,
    "sentKBytesPerSec" : 4.657575946848475
  },
  "ground_comment-req" : {
    "transaction" : "ground_comment-req",
    "sampleCount" : 51518,
    "errorCount" : 2,
    "errorPct" : 0.0038821383,
    "meanResTime" : 1250.3879614891823,
    "minResTime" : 7.0,
    "maxResTime" : 18906.0,
    "pct1ResTime" : 4270.9000000000015,
    "pct2ResTime" : 4770.950000000001,
    "pct3ResTime" : 5496.990000000002,
    "throughput" : 11.058399934230875,
    "receivedKBytesPerSec" : 3.748229832018273,
    "sentKBytesPerSec" : 4.837054274794521
  },
  "ground_comment-page" : {
    "transaction" : "ground_comment-page",
    "sampleCount" : 51518,
    "errorCount" : 2,
    "errorPct" : 0.0038821383,
    "meanResTime" : 1250.3880197212638,
    "minResTime" : 7.0,
    "maxResTime" : 18906.0,
    "pct1ResTime" : 4270.9000000000015,
    "pct2ResTime" : 4770.950000000001,
    "pct3ResTime" : 5496.990000000002,
    "throughput" : 11.058399934230875,
    "receivedKBytesPerSec" : 3.748229832018273,
    "sentKBytesPerSec" : 4.837054274794521
  },
  "ground_spec-req" : {
    "transaction" : "ground_spec-req",
    "sampleCount" : 51558,
    "errorCount" : 0,
    "errorPct" : 0.0,
    "meanResTime" : 1663.5248458047067,
    "minResTime" : 7.0,
    "maxResTime" : 8330.0,
    "pct1ResTime" : 4694.9000000000015,
    "pct2ResTime" : 5163.0,
    "pct3ResTime" : 5694.0,
    "throughput" : 11.066985981774826,
    "receivedKBytesPerSec" : 3.750238413745962,
    "sentKBytesPerSec" : 4.830189629165387
  }
}