{
  "comment_pub_page_get" : {
    "transaction" : "comment_pub_page_get",
    "sampleCount" : 38719,
    "errorCount" : 0,
    "errorPct" : 0.0,
    "meanResTime" : 2307.269299310401,
    "minResTime" : 7.0,
    "maxResTime" : 35267.0,
    "pct1ResTime" : 5008.9000000000015,
    "pct2ResTime" : 5773.9000000000015,
    "pct3ResTime" : 8428.900000000016,
    "throughput" : 9.563382758593436,
    "receivedKBytesPerSec" : 6.690763788178568,
    "sentKBytesPerSec" : 4.191824687746377
  },
  "user_getByName" : {
    "transaction" : "user_getByName",
    "sampleCount" : 77552,
    "errorCount" : 0,
    "errorPct" : 0.0,
    "meanResTime" : 2333.273971013008,
    "minResTime" : 8.0,
    "maxResTime" : 16386.0,
    "pct1ResTime" : 4841.600000000006,
    "pct2ResTime" : 5712.0,
    "pct3ResTime" : 8168.980000000003,
    "throughput" : 19.15491343585579,
    "receivedKBytesPerSec" : 7.033444777228297,
    "sentKBytesPerSec" : 8.64215821031775
  },
  "comment_pub_page" : {
    "transaction" : "comment_pub_page",
    "sampleCount" : 77458,
    "errorCount" : 45,
    "errorPct" : 0.058096,
    "meanResTime" : 1655.1376875209696,
    "minResTime" : 9.0,
    "maxResTime" : 57904.0,
    "pct1ResTime" : 3981.0,
    "pct2ResTime" : 5688.850000000002,
    "pct3ResTime" : 9238.970000000005,
    "throughput" : 19.131648703628144,
    "receivedKBytesPerSec" : 82.95123089109016,
    "sentKBytesPerSec" : 12.930493809454504
  },
  "comment_pub_req" : {
    "transaction" : "comment_pub_req",
    "sampleCount" : 77369,
    "errorCount" : 701,
    "errorPct" : 0.90604764,
    "meanResTime" : 2304.502152024718,
    "minResTime" : 7.0,
    "maxResTime" : 60939.0,
    "pct1ResTime" : 4192.800000000003,
    "pct2ResTime" : 5416.0,
    "pct3ResTime" : 8255.340000000106,
    "throughput" : 19.109642652226437,
    "receivedKBytesPerSec" : 30.360033094972227,
    "sentKBytesPerSec" : 15.746756716340771
  },
  "Total" : {
    "transaction" : "Total",
    "sampleCount" : 271239,
    "errorCount" : 1088,
    "errorPct" : 0.40112227,
    "meanResTime" : 2267.1994034780955,
    "minResTime" : 6.0,
    "maxResTime" : 103844.0,
    "pct1ResTime" : 2587.800000000003,
    "pct2ResTime" : 3923.800000000003,
    "pct3ResTime" : 10718.530000000075,
    "throughput" : 66.99341844785823,
    "receivedKBytesPerSec" : 460.67433948911525,
    "sentKBytesPerSec" : 31.858978130871424
  },
  "ground_page" : {
    "transaction" : "ground_page",
    "sampleCount" : 77949,
    "errorCount" : 728,
    "errorPct" : 0.933944,
    "meanResTime" : 5831.5673453155405,
    "minResTime" : 52.0,
    "maxResTime" : 103844.0,
    "pct1ResTime" : 10304.500000000007,
    "pct2ResTime" : 16100.700000000019,
    "pct3ResTime" : 34849.400000000416,
    "throughput" : 19.252119056927974,
    "receivedKBytesPerSec" : 767.2369515051547,
    "sentKBytesPerSec" : 8.046132910975034
  },
  "comment_pub_page_pubed" : {
    "transaction" : "comment_pub_page_pubed",
    "sampleCount" : 38670,
    "errorCount" : 5,
    "errorPct" : 0.01292992,
    "meanResTime" : 224.73638479441505,
    "minResTime" : 7.0,
    "maxResTime" : 56521.0,
    "pct1ResTime" : 661.0,
    "pct2ResTime" : 762.0,
    "pct3ResTime" : 3204.0,
    "throughput" : 9.551289461126474,
    "receivedKBytesPerSec" : 23.215951923107795,
    "sentKBytesPerSec" : 4.5138929411475575
  },
  "comment_del_req" : {
    "transaction" : "comment_del_req",
    "sampleCount" : 77324,
    "errorCount" : 696,
    "errorPct" : 0.90010864,
    "meanResTime" : 2451.514006000706,
    "minResTime" : 6.0,
    "maxResTime" : 16012.0,
    "pct1ResTime" : 5267.0,
    "pct2ResTime" : 6007.9000000000015,
    "pct3ResTime" : 8865.890000000018,
    "throughput" : 19.098631722490392,
    "receivedKBytesPerSec" : 3.829483799853137,
    "sentKBytesPerSec" : 9.641079281464739
  }
}