{
  "order_pass" : {
    "transaction" : "order_pass",
    "sampleCount" : 37922,
    "errorCount" : 260,
    "errorPct" : 0.68561786,
    "meanResTime" : 3113.2026528136585,
    "minResTime" : 7.0,
    "maxResTime" : 30000.0,
    "pct1ResTime" : 6520.0,
    "pct2ResTime" : 8339.900000000001,
    "pct3ResTime" : 14124.680000000051,
    "throughput" : 18.06902269467726,
    "receivedKBytesPerSec" : 3.7940178777760836,
    "sentKBytesPerSec" : 9.545127998539593
  },
  "order_my_delete" : {
    "transaction" : "order_my_delete",
    "sampleCount" : 37812,
    "errorCount" : 258,
    "errorPct" : 0.6823231,
    "meanResTime" : 2901.1111022955647,
    "minResTime" : 7.0,
    "maxResTime" : 26015.0,
    "pct1ResTime" : 6223.9000000000015,
    "pct2ResTime" : 8147.7000000000335,
    "pct3ResTime" : 12541.980000000003,
    "throughput" : 18.018498839652896,
    "receivedKBytesPerSec" : 3.6057112397605917,
    "sentKBytesPerSec" : 9.149418627681069
  },
  "reserve_page" : {
    "transaction" : "reserve_page",
    "sampleCount" : 38079,
    "errorCount" : 29,
    "errorPct" : 0.076157466,
    "meanResTime" : 3714.2485621996557,
    "minResTime" : 9.0,
    "maxResTime" : 60769.0,
    "pct1ResTime" : 9357.600000000006,
    "pct2ResTime" : 12248.450000000008,
    "pct3ResTime" : 18287.910000000014,
    "throughput" : 18.143873065789943,
    "receivedKBytesPerSec" : 70.25303448745667,
    "sentKBytesPerSec" : 16.24634124959797
  },
  "reserve_page_getById" : {
    "transaction" : "reserve_page_getById",
    "sampleCount" : 19031,
    "errorCount" : 1,
    "errorPct" : 0.005254585,
    "meanResTime" : 2843.159003730774,
    "minResTime" : 7.0,
    "maxResTime" : 30001.0,
    "pct1ResTime" : 6588.799999999999,
    "pct2ResTime" : 8518.399999999976,
    "pct3ResTime" : 13001.560000000005,
    "throughput" : 9.06803335984192,
    "receivedKBytesPerSec" : 2.53585058347084,
    "sentKBytesPerSec" : 3.9398325960979967
  },
  "order_my_page" : {
    "transaction" : "order_my_page",
    "sampleCount" : 38000,
    "errorCount" : 0,
    "errorPct" : 0.0,
    "meanResTime" : 2939.8942894736706,
    "minResTime" : 8.0,
    "maxResTime" : 29301.0,
    "pct1ResTime" : 6301.9000000000015,
    "pct2ResTime" : 8307.900000000001,
    "pct3ResTime" : 12819.960000000006,
    "throughput" : 18.10641233828115,
    "receivedKBytesPerSec" : 7.317439547662509,
    "sentKBytesPerSec" : 8.195532144480593
  },
  "Total" : {
    "transaction" : "Total",
    "sampleCount" : 171107,
    "errorCount" : 555,
    "errorPct" : 0.32435843,
    "meanResTime" : 2899.47555623097,
    "minResTime" : 7.0,
    "maxResTime" : 96508.0,
    "pct1ResTime" : 1734.0,
    "pct2ResTime" : 2817.650000000005,
    "pct3ResTime" : 7658.700000000048,
    "throughput" : 81.5254109694123,
    "receivedKBytesPerSec" : 441.6097411175302,
    "sentKBytesPerSec" : 38.92831221326122
  },
  "order_manage_page" : {
    "transaction" : "order_manage_page",
    "sampleCount" : 37950,
    "errorCount" : 26,
    "errorPct" : 0.068511195,
    "meanResTime" : 956.1025032938018,
    "minResTime" : 8.0,
    "maxResTime" : 43875.0,
    "pct1ResTime" : 1529.9000000000015,
    "pct2ResTime" : 2278.0,
    "pct3ResTime" : 6868.8600000001825,
    "throughput" : 18.082579495450766,
    "receivedKBytesPerSec" : 54.48122975686197,
    "sentKBytesPerSec" : 8.064528557491405
  },
  "ground_page" : {
    "transaction" : "ground_page",
    "sampleCount" : 38357,
    "errorCount" : 276,
    "errorPct" : 0.71955574,
    "meanResTime" : 5926.352347680982,
    "minResTime" : 52.0,
    "maxResTime" : 96508.0,
    "pct1ResTime" : 11005.30000000001,
    "pct2ResTime" : 15377.550000000021,
    "pct3ResTime" : 33927.86000000002,
    "throughput" : 18.275019581909554,
    "receivedKBytesPerSec" : 729.8088283324026,
    "sentKBytesPerSec" : 7.654297764613059
  },
  "order_my_page_get" : {
    "transaction" : "order_my_page_get",
    "sampleCount" : 18932,
    "errorCount" : 0,
    "errorPct" : 0.0,
    "meanResTime" : 3216.107120219747,
    "minResTime" : 10.0,
    "maxResTime" : 29301.0,
    "pct1ResTime" : 7026.4000000000015,
    "pct2ResTime" : 9013.699999999997,
    "pct3ResTime" : 13761.379999999976,
    "throughput" : 9.021798231380627,
    "receivedKBytesPerSec" : 3.9817564478730487,
    "sentKBytesPerSec" : 4.09681267342968
  },
  "reserve_req" : {
    "transaction" : "reserve_req",
    "sampleCount" : 38016,
    "errorCount" : 260,
    "errorPct" : 0.6839225,
    "meanResTime" : 3486.4693023990058,
    "minResTime" : 10.0,
    "maxResTime" : 29163.0,
    "pct1ResTime" : 7002.800000000003,
    "pct2ResTime" : 9132.400000000009,
    "pct3ResTime" : 14190.700000000048,
    "throughput" : 18.113846209557607,
    "receivedKBytesPerSec" : 7.413643815938812,
    "sentKBytesPerSec" : 10.957832647639567
  }
}