{
  "reg_home" : {
    "transaction" : "reg_home",
    "sampleCount" : 300,
    "errorCount" : 0,
    "errorPct" : 0.0,
    "meanResTime" : 1238.776666666666,
    "minResTime" : 17.0,
    "maxResTime" : 7767.0,
    "pct1ResTime" : 2963.1000000000045,
    "pct2ResTime" : 4004.399999999999,
    "pct3ResTime" : 7005.240000000002,
    "throughput" : 22.796352583586625,
    "receivedKBytesPerSec" : 93.65649933510639,
    "sentKBytesPerSec" : 9.372328552431611
  },
  "reg_user-1" : {
    "transaction" : "reg_user-1",
    "sampleCount" : 300,
    "errorCount" : 0,
    "errorPct" : 0.0,
    "meanResTime" : 491.4933333333328,
    "minResTime" : 9.0,
    "maxResTime" : 4695.0,
    "pct1ResTime" : 1195.3000000000009,
    "pct2ResTime" : 1767.6,
    "pct3ResTime" : 3596.980000000002,
    "throughput" : 23.221611579843643,
    "receivedKBytesPerSec" : 4.626180431921975,
    "sentKBytesPerSec" : 13.10751122377893
  },
  "home-1" : {
    "transaction" : "home-1",
    "sampleCount" : 300,
    "errorCount" : 0,
    "errorPct" : 0.0,
    "meanResTime" : 3217.243333333334,
    "minResTime" : 279.0,
    "maxResTime" : 12748.0,
    "pct1ResTime" : 7374.8,
    "pct2ResTime" : 8170.649999999999,
    "pct3ResTime" : 11239.91,
    "throughput" : 22.34803337306317,
    "receivedKBytesPerSec" : 123.69985660011919,
    "sentKBytesPerSec" : 8.140445750148988
  },
  "reg_home-4" : {
    "transaction" : "reg_home-4",
    "sampleCount" : 300,
    "errorCount" : 0,
    "errorPct" : 0.0,
    "meanResTime" : 338.5366666666667,
    "minResTime" : 8.0,
    "maxResTime" : 2373.0,
    "pct1ResTime" : 746.0000000000058,
    "pct2ResTime" : 1062.75,
    "pct3ResTime" : 2153.110000000004,
    "throughput" : 25.451768897938408,
    "receivedKBytesPerSec" : 8.575058857215575,
    "sentKBytesPerSec" : 11.110293649783658
  },
  "reg_user" : {
    "transaction" : "reg_user",
    "sampleCount" : 300,
    "errorCount" : 0,
    "errorPct" : 0.0,
    "meanResTime" : 1912.666666666665,
    "minResTime" : 36.0,
    "maxResTime" : 10463.0,
    "pct1ResTime" : 4098.900000000001,
    "pct2ResTime" : 5561.899999999997,
    "pct3ResTime" : 8333.200000000006,
    "throughput" : 23.174971031286212,
    "receivedKBytesPerSec" : 185.53555909617612,
    "sentKBytesPerSec" : 33.155598203939746
  },
  "Total" : {
    "transaction" : "Total",
    "sampleCount" : 1500,
    "errorCount" : 0,
    "errorPct" : 0.0,
    "meanResTime" : 1273.7373333333344,
    "minResTime" : 8.0,
    "maxResTime" : 12748.0,
    "pct1ResTime" : 3689.900000000001,
    "pct2ResTime" : 5082.2500000000055,
    "pct3ResTime" : 8413.36,
    "throughput" : 111.16875416882829,
    "receivedKBytesPerSec" : 392.41267462758464,
    "sentKBytesPerSec" : 49.04887024753576
  },
  "reg_home-1" : {
    "transaction" : "reg_home-1",
    "sampleCount" : 300,
    "errorCount" : 0,
    "errorPct" : 0.0,
    "meanResTime" : 1238.7766666666657,
    "minResTime" : 17.0,
    "maxResTime" : 7767.0,
    "pct1ResTime" : 2963.1000000000045,
    "pct2ResTime" : 4004.399999999999,
    "pct3ResTime" : 7005.240000000002,
    "throughput" : 22.794620469569182,
    "receivedKBytesPerSec" : 93.64938312058355,
    "sentKBytesPerSec" : 9.371616423524049
  },
  "reg_home-2" : {
    "transaction" : "reg_home-2",
    "sampleCount" : 300,
    "errorCount" : 0,
    "errorPct" : 0.0,
    "meanResTime" : 1082.6366666666668,
    "minResTime" : 12.0,
    "maxResTime" : 10096.0,
    "pct1ResTime" : 2600.2000000000003,
    "pct2ResTime" : 3543.5499999999984,
    "pct3ResTime" : 8011.740000000011,
    "throughput" : 24.640657084188913,
    "receivedKBytesPerSec" : 184.0589707392197,
    "sentKBytesPerSec" : 10.587782340862422
  },
  "home" : {
    "transaction" : "home",
    "sampleCount" : 300,
    "errorCount" : 0,
    "errorPct" : 0.0,
    "meanResTime" : 3217.243333333334,
    "minResTime" : 279.0,
    "maxResTime" : 12748.0,
    "pct1ResTime" : 7374.8,
    "pct2ResTime" : 8170.649999999999,
    "pct3ResTime" : 11239.91,
    "throughput" : 22.34969827907323,
    "receivedKBytesPerSec" : 123.70907211502644,
    "sentKBytesPerSec" : 8.14105220517023
  }
}