{
  "order_pass" : {
    "transaction" : "order_pass",
    "sampleCount" : 73132,
    "errorCount" : 812,
    "errorPct" : 1.110321,
    "meanResTime" : 1619.9145927911277,
    "minResTime" : 6.0,
    "maxResTime" : 15528.0,
    "pct1ResTime" : 3554.0,
    "pct2ResTime" : 4594.0,
    "pct3ResTime" : 6710.94000000001,
    "throughput" : 18.063403207209948,
    "receivedKBytesPerSec" : 3.800430973159302,
    "sentKBytesPerSec" : 9.542283521726372
  },
  "order_my_delete" : {
    "transaction" : "order_my_delete",
    "sampleCount" : 73066,
    "errorCount" : 812,
    "errorPct" : 1.111324,
    "meanResTime" : 1586.6616757452043,
    "minResTime" : 6.0,
    "maxResTime" : 13703.0,
    "pct1ResTime" : 3556.0,
    "pct2ResTime" : 4450.950000000001,
    "pct3ResTime" : 6565.0,
    "throughput" : 18.04707910052603,
    "receivedKBytesPerSec" : 3.621561895089034,
    "sentKBytesPerSec" : 9.163553051425012
  },
  "reserve_page" : {
    "transaction" : "reserve_page",
    "sampleCount" : 73272,
    "errorCount" : 84,
    "errorPct" : 0.11464134,
    "meanResTime" : 2232.7232094115525,
    "minResTime" : 8.0,
    "maxResTime" : 57425.0,
    "pct1ResTime" : 5966.0,
    "pct2ResTime" : 7386.9000000000015,
    "pct3ResTime" : 12504.450000000088,
    "throughput" : 18.097888950116445,
    "receivedKBytesPerSec" : 70.0588071554857,
    "sentKBytesPerSec" : 16.202190031477166
  },
  "reserve_page_getById" : {
    "transaction" : "reserve_page_getById",
    "sampleCount" : 36621,
    "errorCount" : 0,
    "errorPct" : 0.0,
    "meanResTime" : 1575.3149832063616,
    "minResTime" : 7.0,
    "maxResTime" : 13850.0,
    "pct1ResTime" : 3729.0,
    "pct2ResTime" : 4733.950000000001,
    "pct3ResTime" : 6861.990000000002,
    "throughput" : 9.045295389248297,
    "receivedKBytesPerSec" : 2.528196443254548,
    "sentKBytesPerSec" : 3.9300519718242546
  },
  "order_my_page" : {
    "transaction" : "order_my_page",
    "sampleCount" : 73212,
    "errorCount" : 0,
    "errorPct" : 0.0,
    "meanResTime" : 1622.9298475659837,
    "minResTime" : 8.0,
    "maxResTime" : 17525.0,
    "pct1ResTime" : 3528.9000000000015,
    "pct2ResTime" : 4531.950000000001,
    "pct3ResTime" : 6680.950000000008,
    "throughput" : 18.08274314709679,
    "receivedKBytesPerSec" : 7.292606729898348,
    "sentKBytesPerSec" : 8.18487372566269
  },
  "Total" : {
    "transaction" : "Total",
    "sampleCount" : 329632,
    "errorCount" : 1707,
    "errorPct" : 0.5178502,
    "meanResTime" : 1877.5341168333016,
    "minResTime" : 6.0,
    "maxResTime" : 100502.0,
    "pct1ResTime" : 1502.0,
    "pct2ResTime" : 3078.9500000000007,
    "pct3ResTime" : 10201.920000000173,
    "throughput" : 81.34082866314668,
    "receivedKBytesPerSec" : 438.2494079453435,
    "sentKBytesPerSec" : 38.82461922728348
  },
  "order_manage_page" : {
    "transaction" : "order_manage_page",
    "sampleCount" : 73172,
    "errorCount" : 52,
    "errorPct" : 0.07106543,
    "meanResTime" : 554.5383343355413,
    "minResTime" : 8.0,
    "maxResTime" : 57002.0,
    "pct1ResTime" : 1472.0,
    "pct2ResTime" : 3134.0,
    "pct3ResTime" : 6491.990000000002,
    "throughput" : 18.073345594319438,
    "receivedKBytesPerSec" : 54.45245814370053,
    "sentKBytesPerSec" : 8.060204368704944
  },
  "ground_page" : {
    "transaction" : "ground_page",
    "sampleCount" : 73719,
    "errorCount" : 840,
    "errorPct" : 1.139462,
    "meanResTime" : 5801.670668348641,
    "minResTime" : 52.0,
    "maxResTime" : 100502.0,
    "pct1ResTime" : 10922.700000000004,
    "pct2ResTime" : 17049.20000000001,
    "pct3ResTime" : 44516.80000000003,
    "throughput" : 18.19024360994871,
    "receivedKBytesPerSec" : 723.4777981157223,
    "sentKBytesPerSec" : 7.586566605398371
  },
  "order_my_page_get" : {
    "transaction" : "order_my_page_get",
    "sampleCount" : 36551,
    "errorCount" : 0,
    "errorPct" : 0.0,
    "meanResTime" : 1684.2460397800453,
    "minResTime" : 10.0,
    "maxResTime" : 17525.0,
    "pct1ResTime" : 4016.9000000000015,
    "pct2ResTime" : 5079.9000000000015,
    "pct3ResTime" : 7281.950000000008,
    "throughput" : 9.028005564359644,
    "receivedKBytesPerSec" : 3.9678360764515306,
    "sentKBytesPerSec" : 4.099631433034409
  },
  "reserve_req" : {
    "transaction" : "reserve_req",
    "sampleCount" : 73208,
    "errorCount" : 812,
    "errorPct" : 1.1091684,
    "meanResTime" : 1819.7038984810408,
    "minResTime" : 9.0,
    "maxResTime" : 15778.0,
    "pct1ResTime" : 4128.0,
    "pct2ResTime" : 5223.800000000003,
    "pct3ResTime" : 7355.890000000018,
    "throughput" : 18.082152667332405,
    "receivedKBytesPerSec" : 7.3914198902135615,
    "sentKBytesPerSec" : 10.938423922963628
  }
}