{
  "news_get" : {
    "transaction" : "news_get",
    "sampleCount" : 69200,
    "errorCount" : 110,
    "errorPct" : 0.15895954,
    "meanResTime" : 1769.679393063585,
    "minResTime" : 8.0,
    "maxResTime" : 97793.0,
    "pct1ResTime" : 8786.700000000004,
    "pct2ResTime" : 11450.0,
    "pct3ResTime" : 21888.88000000002,
    "throughput" : 14.853916454018114,
    "receivedKBytesPerSec" : 172.46151890498948,
    "sentKBytesPerSec" : 6.299982969378394
  },
  "new_pubPage" : {
    "transaction" : "new_pubPage",
    "sampleCount" : 138771,
    "errorCount" : 2,
    "errorPct" : 0.0014412233,
    "meanResTime" : 144.19438499398396,
    "minResTime" : 11.0,
    "maxResTime" : 30007.0,
    "pct1ResTime" : 286.0,
    "pct2ResTime" : 701.0,
    "pct3ResTime" : 1562.9900000000016,
    "throughput" : 29.785736132947697,
    "receivedKBytesPerSec" : 66.20360978340193,
    "sentKBytesPerSec" : 14.078211442699304
  },
  "news_del-53" : {
    "transaction" : "news_del-53",
    "sampleCount" : 138192,
    "errorCount" : 2,
    "errorPct" : 0.0014472618,
    "meanResTime" : 925.1843883871653,
    "minResTime" : 13.0,
    "maxResTime" : 30007.0,
    "pct1ResTime" : 7469.700000000004,
    "pct2ResTime" : 8547.95,
    "pct3ResTime" : 12878.990000000002,
    "throughput" : 29.663140727123874,
    "receivedKBytesPerSec" : 9.589351137041984,
    "sentKBytesPerSec" : 15.09206313653605
  },
  "Total" : {
    "transaction" : "Total",
    "sampleCount" : 415596,
    "errorCount" : 236,
    "errorPct" : 0.05678592,
    "meanResTime" : 922.620624356336,
    "minResTime" : 7.0,
    "maxResTime" : 97793.0,
    "pct1ResTime" : 3776.0,
    "pct2ResTime" : 5253.950000000001,
    "pct3ResTime" : 10275.670000000053,
    "throughput" : 89.2050925522475,
    "receivedKBytesPerSec" : 422.2478026917188,
    "sentKBytesPerSec" : 42.75313467272031
  },
  "news_getAll" : {
    "transaction" : "news_getAll",
    "sampleCount" : 69333,
    "errorCount" : 122,
    "errorPct" : 0.17596239,
    "meanResTime" : 1753.2284049442553,
    "minResTime" : 8.0,
    "maxResTime" : 92536.0,
    "pct1ResTime" : 8485.700000000004,
    "pct2ResTime" : 11258.95,
    "pct3ResTime" : 22167.3700000001,
    "throughput" : 14.882088218867345,
    "receivedKBytesPerSec" : 172.6146044637196,
    "sentKBytesPerSec" : 6.325364243096216
  },
  "news_page" : {
    "transaction" : "news_page",
    "sampleCount" : 138413,
    "errorCount" : 114,
    "errorPct" : 0.082362205,
    "meanResTime" : 992.0120147673932,
    "minResTime" : 7.0,
    "maxResTime" : 98088.0,
    "pct1ResTime" : 7778.800000000003,
    "pct2ResTime" : 10054.95,
    "pct3ResTime" : 18082.730000000043,
    "throughput" : 29.710553231953448,
    "receivedKBytesPerSec" : 241.3987288139004,
    "sentKBytesPerSec" : 19.733160097862285
  },
  "new_pub_req" : {
    "transaction" : "new_pub_req",
    "sampleCount" : 138702,
    "errorCount" : 122,
    "errorPct" : 0.08795836,
    "meanResTime" : 1712.6501708699254,
    "minResTime" : 11.0,
    "maxResTime" : 115500.0,
    "pct1ResTime" : 12239.900000000001,
    "pct2ResTime" : 15009.0,
    "pct3ResTime" : 22538.81000000003,
    "throughput" : 29.771520291778156,
    "receivedKBytesPerSec" : 182.2357927690592,
    "sentKBytesPerSec" : 23.973049204052604
  }
}