{
  "ground_page-21" : {
    "transaction" : "ground_page-21",
    "sampleCount" : 300,
    "errorCount" : 0,
    "errorPct" : 0.0,
    "meanResTime" : 2338.549999999999,
    "minResTime" : 11.0,
    "maxResTime" : 16005.0,
    "pct1ResTime" : 5303.6,
    "pct2ResTime" : 7676.049999999997,
    "pct3ResTime" : 10926.510000000006,
    "throughput" : 17.23543605653223,
    "receivedKBytesPerSec" : 170.20974942189477,
    "sentKBytesPerSec" : 7.271199586349535
  },
  "Total" : {
    "transaction" : "Total",
    "sampleCount" : 1800,
    "errorCount" : 0,
    "errorPct" : 0.0,
    "meanResTime" : 1274.9744444444434,
    "minResTime" : 10.0,
    "maxResTime" : 16665.0,
    "pct1ResTime" : 3181.6000000000004,
    "pct2ResTime" : 4210.9,
    "pct3ResTime" : 8412.87,
    "throughput" : 102.88065843621399,
    "receivedKBytesPerSec" : 311.6567268947188,
    "sentKBytesPerSec" : 55.23064870184614
  },
  "ground_page-18" : {
    "transaction" : "ground_page-18",
    "sampleCount" : 300,
    "errorCount" : 0,
    "errorPct" : 0.0,
    "meanResTime" : 1345.1833333333334,
    "minResTime" : 18.0,
    "maxResTime" : 16665.0,
    "pct1ResTime" : 3725.5000000000027,
    "pct2ResTime" : 7378.349999999999,
    "pct3ResTime" : 14589.390000000025,
    "throughput" : 17.274140611504578,
    "receivedKBytesPerSec" : 50.422271765417165,
    "sentKBytesPerSec" : 7.7429985748834
  },
  "ground_page" : {
    "transaction" : "ground_page",
    "sampleCount" : 300,
    "errorCount" : 0,
    "errorPct" : 0.0,
    "meanResTime" : 3683.733333333335,
    "minResTime" : 32.0,
    "maxResTime" : 16723.0,
    "pct1ResTime" : 8722.600000000008,
    "pct2ResTime" : 10043.7,
    "pct3ResTime" : 15668.940000000004,
    "throughput" : 17.21565476873637,
    "receivedKBytesPerSec" : 220.2659527250947,
    "sentKBytesPerSec" : 14.979637108343855
  },
  "ground_add_page-24" : {
    "transaction" : "ground_add_page-24",
    "sampleCount" : 600,
    "errorCount" : 0,
    "errorPct" : 0.0,
    "meanResTime" : 488.8866666666667,
    "minResTime" : 10.0,
    "maxResTime" : 12223.0,
    "pct1ResTime" : 1385.1999999999978,
    "pct2ResTime" : 2312.299999999992,
    "pct3ResTime" : 7865.090000000004,
    "throughput" : 34.51648161997354,
    "receivedKBytesPerSec" : 145.48157682793536,
    "sentKBytesPerSec" : 15.909940746706553
  },
  "ground_add_trans-43" : {
    "transaction" : "ground_add_trans-43",
    "sampleCount" : 300,
    "errorCount" : 0,
    "errorPct" : 0.0,
    "meanResTime" : 936.7999999999998,
    "minResTime" : 19.0,
    "maxResTime" : 7749.0,
    "pct1ResTime" : 1997.5000000000011,
    "pct2ResTime" : 3181.8,
    "pct3ResTime" : 5869.720000000001,
    "throughput" : 17.37720111214087,
    "receivedKBytesPerSec" : 7.274949407003012,
    "sentKBytesPerSec" : 10.741056171802596
  },
  "ground_add_trans-41" : {
    "transaction" : "ground_add_trans-41",
    "sampleCount" : 600,
    "errorCount" : 0,
    "errorPct" : 0.0,
    "meanResTime" : 2412.5033333333336,
    "minResTime" : 14.0,
    "maxResTime" : 8698.0,
    "pct1ResTime" : 5512.0,
    "pct2ResTime" : 6395.299999999999,
    "pct3ResTime" : 7694.050000000001,
    "throughput" : 34.441191665231614,
    "receivedKBytesPerSec" : 25.946370400665863,
    "sentKBytesPerSec" : 43.88931192956777
  },
  "ground_add_trans-42" : {
    "transaction" : "ground_add_trans-42",
    "sampleCount" : 300,
    "errorCount" : 0,
    "errorPct" : 0.0,
    "meanResTime" : 1192.646666666666,
    "minResTime" : 19.0,
    "maxResTime" : 5754.0,
    "pct1ResTime" : 2714.8,
    "pct2ResTime" : 3524.9999999999973,
    "pct3ResTime" : 5107.290000000005,
    "throughput" : 17.284092873192375,
    "receivedKBytesPerSec" : 7.044449375612145,
    "sentKBytesPerSec" : 10.599109869217031
  }
}