{
  "user_info_page" : {
    "transaction" : "user_info_page",
    "sampleCount" : 25200,
    "errorCount" : 0,
    "errorPct" : 0.0,
    "meanResTime" : 104.14099206349275,
    "minResTime" : 12.0,
    "maxResTime" : 27041.0,
    "pct1ResTime" : 249.90000000000146,
    "pct2ResTime" : 333.90000000000146,
    "pct3ResTime" : 1545.0,
    "throughput" : 9.549125894993718,
    "receivedKBytesPerSec" : 22.865680365746677,
    "sentKBytesPerSec" : 4.224369170343901
  },
  "user_info_update" : {
    "transaction" : "user_info_update",
    "sampleCount" : 12531,
    "errorCount" : 74,
    "errorPct" : 0.59053546,
    "meanResTime" : 1858.930811587262,
    "minResTime" : 13.0,
    "maxResTime" : 24983.0,
    "pct1ResTime" : 5075.600000000008,
    "pct2ResTime" : 7084.399999999996,
    "pct3ResTime" : 11905.880000000005,
    "throughput" : 4.748832213991906,
    "receivedKBytesPerSec" : 1.7383256157546327,
    "sentKBytesPerSec" : 2.9352287783126054
  },
  "user_info_get_afterUpdate" : {
    "transaction" : "user_info_get_afterUpdate",
    "sampleCount" : 12516,
    "errorCount" : 63,
    "errorPct" : 0.5033557,
    "meanResTime" : 4368.43232662193,
    "minResTime" : 51.0,
    "maxResTime" : 90818.0,
    "pct1ResTime" : 9261.300000000001,
    "pct2ResTime" : 12740.649999999989,
    "pct3ResTime" : 29989.799999999996,
    "throughput" : 4.742996728105325,
    "receivedKBytesPerSec" : 227.2054702527921,
    "sentKBytesPerSec" : 1.9862713217664365
  },
  "Total" : {
    "transaction" : "Total",
    "sampleCount" : 50246,
    "errorCount" : 215,
    "errorPct" : 0.42789477,
    "meanResTime" : 2693.43929865063,
    "minResTime" : 12.0,
    "maxResTime" : 105036.0,
    "pct1ResTime" : 9244.800000000003,
    "pct2ResTime" : 12233.0,
    "pct3ResTime" : 23988.410000000094,
    "throughput" : 19.039499211834606,
    "receivedKBytesPerSec" : 468.79912675099183,
    "sentKBytesPerSec" : 9.030135085225119
  },
  "user_info_get" : {
    "transaction" : "user_info_get",
    "sampleCount" : 25198,
    "errorCount" : 156,
    "errorPct" : 0.61909676,
    "meanResTime" : 4448.989126121126,
    "minResTime" : 52.0,
    "maxResTime" : 105036.0,
    "pct1ResTime" : 10262.800000000003,
    "pct2ResTime" : 14621.30000000001,
    "pct3ResTime" : 32036.860000000022,
    "throughput" : 9.548259483178382,
    "receivedKBytesPerSec" : 456.8849448207949,
    "sentKBytesPerSec" : 3.993966942921886
  },
  "user_update_req" : {
    "transaction" : "user_update_req",
    "sampleCount" : 12516,
    "errorCount" : 135,
    "errorPct" : 1.0786194,
    "meanResTime" : 6225.924576541998,
    "minResTime" : 71.0,
    "maxResTime" : 95253.0,
    "pct1ResTime" : 14005.600000000002,
    "pct2ResTime" : 17780.3,
    "pct3ResTime" : 32001.43,
    "throughput" : 4.742951794011284,
    "receivedKBytesPerSec" : 228.9394954824057,
    "sentKBytesPerSec" : 4.917846231857244
  }
}