{
  "info_get" : {
    "transaction" : "info_get",
    "sampleCount" : 120123,
    "errorCount" : 0,
    "errorPct" : 0.0,
    "meanResTime" : 21.960274052429554,
    "minResTime" : 7.0,
    "maxResTime" : 5027.0,
    "pct1ResTime" : 20.0,
    "pct2ResTime" : 30.0,
    "pct3ResTime" : 232.0,
    "throughput" : 45.52094832182643,
    "receivedKBytesPerSec" : 16.93733874373733,
    "sentKBytesPerSec" : 20.048777044085664
  },
  "Total" : {
    "transaction" : "Total",
    "sampleCount" : 300497,
    "errorCount" : 521,
    "errorPct" : 0.17337944,
    "meanResTime" : 451.1996492477355,
    "minResTime" : 7.0,
    "maxResTime" : 87311.0,
    "pct1ResTime" : 274.0,
    "pct2ResTime" : 683.0,
    "pct3ResTime" : 1763.9300000000112,
    "throughput" : 113.87301724445011,
    "receivedKBytesPerSec" : 569.4795846799046,
    "sentKBytesPerSec" : 54.51204701451241
  },
  "info_page" : {
    "transaction" : "info_page",
    "sampleCount" : 180465,
    "errorCount" : 849,
    "errorPct" : 0.47045133,
    "meanResTime" : 1149.8334358462787,
    "minResTime" : 16.0,
    "maxResTime" : 87311.0,
    "pct1ResTime" : 957.6000000000058,
    "pct2ResTime" : 1780.0,
    "pct3ResTime" : 13189.0,
    "throughput" : 68.38365022008269,
    "receivedKBytesPerSec" : 816.0978736641998,
    "sentKBytesPerSec" : 30.61923134919447
  },
  "info_update" : {
    "transaction" : "info_update",
    "sampleCount" : 60098,
    "errorCount" : 0,
    "errorPct" : 0.0,
    "meanResTime" : 56.94370860927134,
    "minResTime" : 15.0,
    "maxResTime" : 2026.0,
    "pct1ResTime" : 229.0,
    "pct2ResTime" : 241.0,
    "pct3ResTime" : 459.0,
    "throughput" : 22.775022283126063,
    "receivedKBytesPerSec" : 8.429427192680448,
    "sentKBytesPerSec" : 13.85628797108158
  },
  "info_req" : {
    "transaction" : "info_req",
    "sampleCount" : 60020,
    "errorCount" : 188,
    "errorPct" : 0.31322894,
    "meanResTime" : 949.8289736754399,
    "minResTime" : 48.0,
    "maxResTime" : 84385.0,
    "pct1ResTime" : 1885.0,
    "pct2ResTime" : 3855.9500000000007,
    "pct3ResTime" : 26812.99,
    "throughput" : 22.744756238512988,
    "receivedKBytesPerSec" : 297.1506146291235,
    "sentKBytesPerSec" : 44.456730974193306
  }
}